Country,% urban,TOTALUnimproved,RURALUnimproved,URBANUnimproved,TOTALPiped,TOTALNon-piped,RURALPiped,RURALNon-piped,URBANPiped,URBANNon-piped
Afghanistan,27,10,14,0,23,60,17,61,42,58
Albania,64,3,4,3,81,16,76,21,84,14
Algeria,75,0,0,0,71,28,60,40,75,24
Andorra,88,0,0,0,100,0,100,0,100,0
Angola,68,19,23,18,43,24,8,28,59,22
Anguilla,100,3,,3,100,0,,,100,0
Antigua and Barbuda,24,1,1,1,98,0,98,0,98,0
Argentina,92,0,3,0,96,2,82,11,100,0
Armenia,64,0,0,0,100,0,100,0,100,0
Australia,86,0,0,0,97,3,87,13,100,0
Austria,59,0,0,0,,,,,,
Azerbaijan,57,1,3,0,94,5,86,11,100,0
Bahrain,90,0,,,100,0,,,,
Bangladesh,40,0,0,0,15,84,3,96,33,67
Barbados,31,1,,,99,0,,,,
Belarus,80,0,2,0,97,2,89,9,100,0
Belgium,98,0,0,0,100,0,100,0,100,0
Belize,46,0,0,0,87,12,79,20,96,4
Benin,50,22,24,20,39,37,30,42,48,32
Bermuda,100,0,,0,100,0,,,100,0
Bhutan,44,0,0,0,100,0,100,0,100,0
Bolivia (Plurinational State of),71,1,4,0,67,27,21,60,86,14
"Bonaire, Sint Eustatius and Saba",75,0,,,100,0,,,,
Bosnia and Herzegovina,50,0,0,0,95,5,93,7,98,2
Botswana,72,2,3,2,91,6,77,18,97,1
Brazil,88,0,2,0,99,0,90,8,100,0
British Virgin Islands,49,0,,,96,4,,,,
Brunei Darussalam,79,0,,,100,0,,,,
Bulgaria,76,0,3,0,100,0,97,0,100,0
Burkina Faso,32,21,28,5,32,47,10,61,78,17
Burundi,14,15,17,1,39,43,30,49,91,8
Cabo Verde,68,3,8,0,90,7,77,15,96,4
Cambodia,25,3,4,0,34,55,20,66,77,23
Cameroon,59,12,23,4,42,42,17,51,59,35
Canada,82,0,0,0,100,0,100,0,100,0
Cayman Islands,100,4,,4,91,4,,,91,4
Central African Republic,43,34,47,16,14,49,0,47,31,52
Chad,24,28,35,8,17,48,7,49,47,45
Chile,88,0,0,0,100,0,100,0,100,0
China,64,2,3,1,86,12,72,25,94,5
"China, Hong Kong SAR",100,0,,0,100,0,,,100,0
"China, Macao SAR",100,0,,0,100,0,,,100,0
Colombia,82,0,3,0,89,9,60,27,95,5
Cook Islands,76,0,,,89,11,,,,
Costa Rica,82,0,0,0,100,0,100,0,100,0
Côte d'Ivoire,53,13,21,6,49,32,29,42,66,24
Croatia,58,,,0,,,,,,
Cuba,77,2,2,2,80,18,57,40,87,11
Cyprus,67,0,0,0,100,0,100,0,100,0
Czechia,74,0,0,0,100,0,100,0,100,0
Democratic People's Republic of Korea,63,5,11,2,65,30,50,39,74,24
Democratic Republic of the Congo,47,33,54,9,36,23,8,24,67,22
Denmark,88,0,0,0,100,0,100,0,100,0
Djibouti,78,7,31,0,83,8,26,33,100,0
Dominican Republic,84,1,0,1,80,17,66,27,83,15
Ecuador,65,3,7,0,91,4,75,12,100,0
Egypt,43,0,1,0,99,0,99,0,99,0
El Salvador,75,0,0,0,93,6,84,12,96,4
Estonia,70,0,0,0,100,0,100,0,100,0
Eswatini,25,7,10,0,62,22,51,27,95,4
Ethiopia,23,16,20,1,44,35,32,42,85,12
Falkland Islands (Malvinas),79,5,22,0,90,5,56,22,100,0
Faroe Islands,43,0,,,100,0,,,,
Fiji,58,2,4,0,89,7,77,16,98,0
Finland,86,0,0,0,100,0,100,0,100,0
France,82,0,0,0,100,0,100,0,100,0
French Guiana,86,6,,,89,6,,,,
French Polynesia,62,0,,,100,0,,,,
Gabon,91,3,17,2,88,6,30,38,94,3
Gambia,64,8,11,7,79,12,71,18,84,9
Georgia,60,2,5,0,85,13,66,29,97,2
Germany,78,0,0,0,100,0,100,0,100,0
Ghana,59,2,4,0,57,38,34,52,73,27
Gibraltar,100,0,,0,100,0,,,100,0
Greece,80,0,0,0,100,0,100,0,100,0
Greenland,88,0,,,100,0,,,,
Guadeloupe,99,0,,,100,0,,,,
Guam,95,0,,,100,0,,,,
Guatemala,53,3,4,2,78,18,65,27,89,9
Guinea,38,8,13,2,23,61,8,67,47,51
Guinea-Bissau,45,22,34,8,48,29,32,32,67,25
Guyana,27,0,1,0,70,28,65,33,84,16
Haiti,59,23,44,8,19,58,24,32,15,77
Honduras,60,3,8,0,92,5,86,6,96,4
Hungary,73,0,0,0,100,0,100,0,100,0
Iceland,94,0,0,0,100,0,100,0,100,0
India,36,2,2,1,45,53,33,64,66,33
Indonesia,58,4,9,0,23,72,14,76,30,69
Iran (Islamic Republic of),77,0,1,0,100,0,97,2,100,0
Iraq,71,0,0,0,84,16,72,25,88,12
Ireland,64,4,3,5,96,0,97,0,95,0
Isle of Man,53,0,,,100,0,,,,
Israel,93,0,0,0,100,0,100,0,100,0
Italy,72,0,,,98,1,,,,
Jamaica,57,2,3,1,84,13,73,21,92,7
Japan,92,0,,,98,0,,,,
Jordan,92,0,2,0,86,13,80,18,87,13
Kazakhstan,58,3,7,0,81,16,59,33,98,2
Kenya,29,9,12,4,33,38,22,42,60,30
Kiribati,57,20,38,6,41,39,15,47,61,33
Kuwait,100,0,,0,,,,,,
Kyrgyzstan,37,2,3,0,94,0,90,0,100,0
Lao People's Democratic Republic,38,10,15,3,32,57,14,70,62,35
Latvia,69,0,1,0,95,4,88,11,98,1
Lebanon,89,0,,,90,10,,,,
Lesotho,30,10,13,4,72,12,64,15,91,5
Liberia,53,5,6,4,5,80,0,74,10,86
Libya,81,0,,,78,22,,,,
Liechtenstein,15,0,,,100,0,,,,
Lithuania,68,2,6,0,96,2,87,7,100,0
Luxembourg,92,0,1,0,100,0,97,1,100,0
Madagascar,40,31,43,12,36,22,16,22,66,21
Malawi,18,5,6,4,21,72,8,84,77,19
Malaysia,78,2,9,0,96,2,83,8,100,0
Maldives,42,0,0,0,52,47,19,81,100,0
Mali,45,11,20,0,53,36,27,51,83,17
Malta,95,0,0,0,100,0,100,0,100,0
Marshall Islands,79,4,8,3,28,69,7,85,33,64
Martinique,89,0,,,100,0,,,,
Mauritania,57,13,30,0,61,25,43,27,75,24
Mauritius,41,0,0,0,100,0,100,0,100,0
Mayotte,45,4,,,93,4,,,,
Mexico,81,0,2,0,98,2,92,6,100,0
Monaco,100,0,,0,100,0,,,100,0
Mongolia,69,4,12,0,37,54,8,64,50,49
Montenegro,68,0,2,0,90,10,75,23,96,4
Montserrat,9,2,,,98,0,,,,
Morocco,65,11,29,1,79,10,53,19,94,5
Mozambique,38,17,24,5,42,31,20,41,77,16
Myanmar,32,6,8,1,34,49,18,60,67,26
Namibia,54,4,7,0,84,9,68,18,97,2
Nepal,21,3,3,6,50,45,50,46,52,41
Netherlands (Kingdom of the),93,0,0,0,100,0,100,0,100,0
New Caledonia,72,0,,,100,0,,,,
New Zealand,87,0,0,0,100,0,100,0,100,0
Niger,17,29,34,2,41,27,31,32,93,4
Nigeria,54,11,21,3,12,72,9,61,15,81
Niue,48,3,,,97,0,,,,
North Macedonia,59,0,0,0,92,7,82,17,99,0
Northern Mariana Islands,92,0,,,90,10,,,,
Norway,84,0,0,0,100,0,100,0,100,0
Oman,88,0,2,0,96,4,84,13,97,3
Pakistan,38,4,5,2,25,70,17,77,39,58
Palau,82,0,0,0,86,14,29,70,98,1
Panama,69,2,7,0,93,3,81,8,99,1
Papua New Guinea,14,26,29,6,16,37,10,37,53,34
Paraguay,63,0,0,0,100,0,100,0,100,0
Peru,79,3,8,2,92,3,80,6,95,3
Philippines,48,2,4,0,66,31,53,43,81,18
Poland,60,10,18,4,90,0,82,0,96,0
Portugal,67,0,2,0,98,0,96,2,100,0
Puerto Rico,94,0,,,100,0,,,,
Qatar,99,0,,,100,0,,,,
Republic of Korea,81,0,,,100,0,,,,
Republic of Moldova,43,6,11,0,77,17,63,26,94,5
Réunion,100,0,,,100,0,,,,
Romania,54,0,0,0,64,36,35,65,90,10
Russian Federation,75,2,7,0,94,3,85,8,97,2
Rwanda,18,10,12,3,45,39,38,44,82,13
Saint Barthelemy,,0,,0,100,0,,,100,0
Saint Helena,40,0,,,98,0,,,,
Saint Lucia,19,1,1,0,97,2,96,2,98,0
Saint Martin (French part),,0,,0,100,0,,,100,0
Samoa,18,0,0,0,88,11,87,12,94,6
San Marino,98,0,,,100,0,,,,
Sao Tome and Principe,76,0,2,0,97,0,87,4,100,0
Saudi Arabia,85,0,0,0,89,10,84,16,91,9
Senegal,49,11,18,3,77,12,67,15,88,9
Serbia,57,0,0,0,95,5,91,8,98,2
Seychelles,58,4,,,94,3,,,,
Sierra Leone,44,17,24,8,21,52,13,46,31,60
Singapore,100,0,,0,100,0,,,100,0
Slovakia,54,0,0,0,98,2,100,0,97,3
Slovenia,56,0,,,,,,,,
Solomon Islands,26,19,34,4,48,27,38,28,71,24
Somalia,47,12,20,2,49,37,23,54,79,19
South Africa,68,1,3,0,90,7,74,18,98,2
South Sudan,21,14,14,11,4,74,3,73,10,78
Spain,81,0,0,0,100,0,100,0,100,0
Sri Lanka,19,7,8,1,52,39,46,44,81,18
State of Palestine,77,0,0,0,51,49,89,11,40,60
Sudan,36,4,6,0,59,34,47,44,82,17
Suriname,66,0,0,0,80,19,64,34,89,11
Sweden,88,0,0,0,88,12,77,22,89,10
Switzerland,74,0,0,0,100,0,100,0,100,0
Syrian Arab Republic,57,0,0,0,79,21,71,29,86,14
Tajikistan,28,3,4,2,65,19,56,24,90,7
Thailand,53,0,0,0,86,14,79,21,93,7
Timor-Leste,32,8,12,0,72,17,66,18,84,16
Togo,44,13,15,10,30,47,21,47,43,47
Tokelau,0,0,0,,95,4,95,4,,
Tonga,23,0,0,0,99,1,98,1,100,0
Trinidad and Tobago,53,0,,,93,7,,,,
Tunisia,70,1,3,0,93,6,80,17,99,0
Türkiye,77,0,0,0,95,4,86,13,98,0
Turkmenistan,53,0,0,0,55,45,22,78,84,16
Turks and Caicos Islands,94,0.0,3,0,45,55,40,57,45,55
Tuvalu,66,0,0,0,100,0,100,0,100,0
Uganda,26,11,13,6,23,61,13,68,52,41
Ukraine,70,0,0,0,63,37,31,69,76,23
United Arab Emirates,88,0,0,0,100,0,100,0,100,0
United Kingdom,84,0,0,0,100,0,100,0,100,0
United Republic of Tanzania,37,11,17,0,41,36,28,37,63,33
United States of America,83,0,0,0,99,0,95,3,100,0
Uruguay,96,0,0,0,100,0,100,0,100,0
Uzbekistan,50,0,0,0,73,25,60,37,85,14
Vanuatu,26,2,3,0,50,42,40,50,78,21
Venezuela (Bolivarian Republic of),88,6,,,78,15,,,,
Viet Nam,39,2,3,0,52,46,31,66,86,13
Wallis and Futuna Islands,0,0,0,,99,0,99,0,,
Yemen,39,6,10,1,57,34,44,42,77,22
Zambia,46,19,28,7,34,40,5,54,69,23
Zimbabwe,32,16,23,2,27,50,9,58,65,33
